{"entities":{"pages":{"Default-topic":{"id":"Default-topic","title":"This is the first topic","url":"default-topic.html","level":0,"pages":["Child-Reference"],"tabIndex":0},"Child-Reference":{"id":"Child-Reference","title":"Child Reference","url":"child-reference.html","level":1,"parentId":"Default-topic","tabIndex":0},"Reference":{"id":"Reference","title":"Reference","url":"reference.html","level":0,"tabIndex":1},"How-to":{"id":"How-to","title":"How to","url":"how-to.html","level":0,"tabIndex":2},"Tutorial":{"id":"Tutorial","title":"Tutorial","url":"tutorial.html","level":0,"tabIndex":3},"Overview":{"id":"Overview","title":"Overview","url":"overview.html","level":0,"tabIndex":4}}},"topLevelIds":["Default-topic","Reference","How-to","Tutorial","Overview"]}